aaa,aalborg,aaliyah,aarhus,aaron,ab,abc,abd,aber,abercrombie,abi,ability,able,abo,aboard,about,abs,absence,absolute,absolutely,absorption,absurd,abu,abuja,abul,abuse,ac,aca,academia,academic,academy,acc,accelerate,accent,accept,acceptable,access,accessible,accessorie,accessory,accident,accidental,accidentally,acclaimed,accompaniment,accomplish,accord,account,accounting,accounts,accra,accrington,accumulate,accurate,ace,acer,ach,acha,achi,achieve,achievement,acid,acknowledge,aconcagua,acoustic,acquaintance,acquire,acquisition,acrobat,across,act,acting,action,activate,activation,active,activision,actor,actress,actual,actually,acul,acute,ad,ada,adam,adapter,adaptive,adaptor,add,addict,addiction,addictive,addition,addon,address,addy,adequately,adh,adha,adhan,adida,adidas,adit,aditya,adjective,adjust,adm,administration,administrator,admit,adobe,adoption,adorable,adoration,adore,adorn,adrenal,adrian,adult,advance,advanced,advancement,advantage,adventure,adventures,advert,advertise,advertisement,advertising,advice,advise,advisor,aec,aem,aeon,aerial,aerialist,aero,aesthetic,af,afa,affiliate,affirmation,affleck,afford,affordable,afghan,afraid,africa,afro,aft,after,afternoon,afterwards,ag,aga,again,against,age,agency,agent,aggravate,agne,ago,agony,agos,agra,agram,agree,agreement,agri,agriculture,agua,agust,ah,aha,ahab,ahead,ahh,ahs,aid,aim,aimee,air,aircraft,aire,airfoil,airforce,airplane,airplay,airport,aisle,ak,aka,akai,akbar,akg,aki,akita,al,ala,alamo,alan,alarm,alarms,alas,alaska,alaskan,album,alchemy,alcohol,ale,alen,alert,alex,alexa,alexander,alexi,alexis,alfa,algerian,algonquin,ali,alia,alice,alicia,alien,align,alisa,alive,alkaline,all,allah,alle,allege,allegedly,allen,allergic,allergie,allianz,alligator,allow,allstar,allstate,allure,ally,almer,almond,almost,alone,along,alp,alpha,alpine,alps,already,alright,als,also,alt,alta,alternate,alternative,although,altitude,alto,altruism,alu,aluminium,alway,always,aly,alyssa,am,ama,amanda,amani,amateur,amaze,amazed,amazing,amazingly,amazon,ambassador,amber,amd,america,american,americans,amet,amiga,amigos,amiri,amman,amnesia,amo,amomi,among,amongst,amor,amount,amour,amp,amplify,amsterdam,amu,amuse,amused,amusement,amy,an,anaheim,analog,analogue,analyst,ance,anchor,anchorage,and,ando,andre,andrew,android,andy,ang,angel,angeles,angels,anger,angie,angry,angst,ani,anim,animal,animals,animate,animation,anime,ank,ankara,anker,anna,anne,anniversary,announce,announcement,annoy,annoyance,annoyed,annoying,annual,anonymous,anos,another,answer,ant,ante,antenna,antennae,anti,anticipation,antigua,antiknock,antique,antivirus,antoine,antoinette,anton,antonio,antwerp,anxiety,any,anybody,anymore,anyone,anyplace,anything,anytime,anyway,anyways,anywhere,ao,aol,ap,apart,apartment,ape,aperitif,aperture,api,apl,apocalyptic,apogee,apologise,apologize,apology,app,apparatus,apparel,apparent,apparently,appeal,appear,applaud,apple,apples,applesauce,appleseed,appleton,appliance,applicable,application,apply,appointment,appraisal,appreciate,apprentice,approach,approval,approve,approximately,apps,apr,april,aqua,ar,arab,araba,arabian,arabic,arak,arcade,arcadia,arch,architect,architecture,archive,arcs,ard,arduous,area,arena,arequipa,arg,argentina,argh,argue,arguing,ari,arian,ariana,ariane,ariel,arista,arius,arizona,ark,arm,armada,armageddon,armani,armband,armenian,armour,arms,army,arnold,aroma,around,arp,arr,arrival,arrive,arrived,arriving,arrogant,arrow,ars,arse,arsenal,art,arte,article,artificial,artisan,artist,artista,artistic,arts,artwork,arty,aru,aruba,ary,as,asbury,ascend,ash,ashdod,ashford,asia,asian,aside,ask,asking,asleep,asp,aspect,ass,assassins,assault,asse,assembly,asset,asshole,assistance,assistant,associate,associated,assume,astana,asthma,aston,astound,astro,astrological,asus,at,ateli,atheist,athens,athlete,ation,atlanta,atlantic,atm,atmosphere,atom,attach,attachment,attack,attain,attempt,attendee,attention,attitude,attract,attracted,atuba,atv,atx,atz,auch,auction,aud,audacity,audi,audio,audiophile,audition,audrey,auf,aug,augment,august,aul,aung,aunt,auntie,aur,aura,aurelio,auric,aurora,aussie,austin,australia,australian,austria,austrian,aut,authentic,authority,auto,autograph,automate,automatic,automatically,automobile,autumn,autun,aux,av,ava,avail,available,avatar,ave,avenger,avenue,average,avi,aviary,aviation,avid,avit,aviv,avn,avocado,avoid,aw,awa,await,awake,award,aware,awareness,away,awe,awesome,awful,awkward,awol,axe,axiom,ay,aya,ayn,ayr,ayy,az,azam,azerbaijan,azhar,aztec,azzi,ba,baa,bab,baba,babe,babi,babolat,babu,babushkas,baby,bacardi,bach,back,backbone,backcountry,backend,backfire,background,backgrounds,backlit,backpack,backpacker,backstage,backup,backyard,bacon,bacterial,bad,bade,badge,badly,badminton,badu,bae,baffin,bag,bagel,baggy,bah,baha,bahrain,bahraini,bai,bait,baj,bak,baka,bake,baked,baker,bakersfield,bakery,baking,baku,balance,balanced,baldwin,bali,balk,ball,ballerina,ballet,balloon,bam,bamboo,ban,banana,bananas,band,bandai,bandana,bandar,bande,bandicoot,bando,bandung,bandwagon,bang,bangalore,bangkok,bangladesh,banja,bank,banking,bankrupt,banks,banner,banning,banter,baptist,bar,barbados,barber,barbershop,barbie,barcelona,barclays,barcode,bare,barely,bargain,barn,barometer,barquisimeto,barr,barra,barrel,barry,barter,barton,baru,bas,base,baseball,bash,basic,basically,basilica,basket,basketball,baskin,bass,bastard,bastards,baste,bates,bath,bathroom,batman,batter,battery,battle,battlefront,battleship,bay,baywatch,bazooka,bb,bbc,bbq,bbs,bc,bds,be,beach,bead,beaker,beam,bean,beanie,beans,bear,beard,beards,beast,beat,beatle,beats,beatty,beau,beautiful,beauty,beaver,because,becky,become,becuase,bed,bedroom,bedtime,bee,beef,beer,bees,beet,beetroot,before,beg,begging,begin,beh,behalf,behave,behavior,behind,bei,beige,beijing,beirut,bek,bel,belate,belgium,beli,believe,belive,bell,bella,belladonna,belle,bello,belly,belongs,belove,beloved,belt,ben,bench,bend,bendable,benefit,benefits,benghazi,benson,bent,ber,berger,berlin,bernardino,berries,berry,besar,besides,best,bestselle,bestseller,bet,beta,betray,better,beverly,bewilder,bey,beyonc,beyonce,beyond,bf,bg,bh,bharat,bi,bia,bible,bibleverse,bibs,bicycle,bid,bidder,bidding,biden,bie,bieber,biel,bien,biff,big,bigtime,bike,biker,biking,bikini,bill,billboard,billie,billing,billion,billy,bimbo,binary,bind,bing,bio,biohazard,bionic,bioshock,bir,biracial,bird,birds,birmingham,birth,birthday,biscuit,bit,bitch,bitches,bitching,bitchy,bitcoin,bite,bites,bits,bitter,bixby,biz,bj,bk,bl,blab,black,blackberry,blackboard,blackie,blackjack,blacks,blade,bladerunner,blah,blak,blake,blame,blank,blanks,blas,blasphemy,blast,blasting,blasts,blaze,ble,bleed,blend,blender,bless,blessed,blessing,blind,bling,blink,bliss,blissful,bloated,block,blockbuster,blocking,blocky,blog,blogge,blogger,bloggers,blogging,blok,blond,blonde,blondie,blood,bloody,bloom,bloomberg,blooms,blossom,blow,blowout,blu,blue,blueberry,bluetooth,blur,bluray,blurry,bm,bmo,bmw,bmx,bn,bo,boa,boal,board,boardwalk,boars,boat,bob,bode,bodo,bodrum,body,boeing,bog,boggle,bogo,bogota,boh,bohol,boi,boil,bok,boke,boland,bold,boll,bollo,bollock,bollocks,bollywood,bolsover,bolton,bom,bomb,bomba,bombay,bomberman,bon,bond,bonding,bone,bong,bongs,bonham,bonnet,bono,bonus,boo,boob,boobs,book,bookcase,books,boom,boomerang,boost,booster,boot,booth,bootie,boots,booty,booze,bordeaux,border,borderless,bore,bored,boredom,boricua,boring,borne,borneo,borough,borrow,bose,bosh,bosnia,bosnian,boss,boston,bot,botch,botched,bother,bots,bottle,bottom,bought,bounce,bounty,bourbon,bourke,bout,boutique,bow,bower,bowie,bowl,bowler,box,boxer,boxing,boy,boycott,boyfriend,boyle,boys,boyz,bp,bq,br,bra,brace,bracelet,bracket,brad,braid,braids,brain,brainwash,brainwashing,brake,bram,branco,brand,brandon,brands,brannan,branson,brasil,brave,braver,bravi,bravo,brawl,brazil,brazilian,brazillian,bre,bread,break,breakers,breakfast,breakin,breaking,breaks,breakup,breast,breath,breathable,breathe,breda,breed,breeze,breezes,brevity,bri,brian,bribes,brick,bricke,bride,bridesmaid,bridge,brief,briefing,briefly,brig,bright,brighten,brightens,brighter,brightness,brighton,brill,brilliant,brindle,bring,brinkmanship,bris,brisbane,bristol,brit,british,britney,bro,broadcast,broadcasts,broadway,broke,broken,brom,bron,bronco,bronx,brooklyn,brooks,bros,brother,brotherly,brouwer,broward,brown,brownie,browse,browser,browsing,bru,bruins,bruise,brunch,brunette,brus,brush,brussels,brutal,bruxelles,bryce,bs,bsb,bsi,bso,bst,bt,bts,bu,bubble,bubbles,buck,bud,buddha,buddy,budget,budweiser,buen,buena,buenos,bug,bugger,buggy,buie,build,building,bulb,bulbasaur,bulk,bull,bulldog,bullet,bullshit,bully,bulmer,bumble,bummed,bump,bumper,bun,bunch,bundle,bundles,bundling,bungie,bunny,burberry,bure,bureaucratic,buren,burg,burger,burgled,burgundy,burj,burn,burnin,burns,burroughs,burst,burton,bury,bus,bush,business,businesswoman,bust,busted,buster,busy,but,butcher,butt,butter,butterfly,buttery,button,buy,buying,buys,buzz,buzzing,bvi,bx,by,bye,byzantine,bz,ca,caa,cab,cabaret,cabbage,cabell,cabin,cable,cabo,cabos,cac,cache,cad,cadbury,cade,cadillac,cadiz,caesar,caf,cafe,cairo,cake,cal,calculator,calculus,calendar,calendars,calender,calgary,cali,calibrate,calif,california,call,callback,calle,calls,callum,calm,calo,calorie,calvin,cam,cambia,cambio,cameo,camera,cameraman,cameras,cameron,cami,camouflage,camp,campaign,campanile,campbell,camper,camping,campus,can,canada,canadian,canaria,canarias,canary,cancel,cancellation,cancer,candid,candies,candle,candy,cane,canine,cannon,canny,canoe,canon,cantera,canterbury,cantin,canvas,canyon,cap,capable,capcom,cape,capetown,capit,capital,capitalism,capitalize,capitan,capo,capsule,captain,caption,captivate,captive,capture,car,caracas,caramel,carb,carbon,card,cardiff,cardigan,cards,care,career,carefree,careful,carey,caribbean,carl,carlos,carlson,carneval,carnival,carol,carp,carr,carriage,carrier,carroll,carrot,carrots,carry,cars,cart,carta,cartagena,carte,carter,carton,cartoon,cartoons,cartridge,carve,carved,carving,cas,casa,casablanca,casal,case,cases,cash,casing,casino,casio,casper,cassette,cast,castle,casual,cat,catastrophic,catch,catches,cate,categorize,cater,cathedral,cation,cats,caught,cause,cav,cave,cavern,cavitation,cay,cb,cba,cbc,cbn,cbs,cc,ccd,cci,ccs,cctv,cd,cdi,cds,ce,cea,cear,cec,cede,ceiling,cel,celebrate,celebration,celebrity,celery,cell,cellist,cello,cellphone,cellphones,cellula,cellular,cellulite,cent,center,centi,central,centre,centro,century,ceo,ceramics,cerci,cereal,certain,certainly,certificate,certification,certified,certify,ces,cg,cgi,ch,cha,chach,chad,chai,chail,chain,chairman,chalk,challenge,champ,champagne,champion,chance,chandelier,chanel,change,changer,channel,chant,chap,chapter,char,character,chardonnay,charg,charge,charger,charging,charity,charlatan,charles,charleston,charlie,charlottesville,charm,chart,chase,chat,chau,chavez,chaz,che,cheap,cheat,cheater,check,checkout,cheeky,cheep,cheer,cheerful,cheerlead,cheers,cheery,cheese,cheesecake,chef,chek,chelsea,chemistry,chennai,cheque,cherie,cherry,chess,chest,chet,chew,chewed,chi,chia,chic,chica,chicago,chick,chicken,chide,chief,chieftan,chihuahua,child,childhood,childrens,chile,chili,chill,chilli,chilling,chilly,chime,chin,china,chinatown,chinese,chink,chino,chins,chip,chira,chloe,cho,chock,chocolate,choice,choke,choo,choon,choose,chopper,chord,choreography,chorizo,chow,chr,chris,christ,christi,christian,christmas,christmastime,christopher,chrome,chronicles,chten,chu,chuck,chunk,church,chutney,ci,cia,cid,cide,cider,cie,cigarette,cik,cilia,cinco,cine,cinema,cinematography,cinnamon,cio,circle,cirque,citation,cite,citi,citizen,citt,city,civic,ck,ckel,cl,claim,clanks,clap,clar,clarke,clarksville,clash,class,classic,classmate,classy,claus,clayton,clean,cleaner,cleanse,clear,clearing,clearly,clementi,cleo,clever,cli,click,clickable,clicking,client,climb,climbing,clint,clinton,clip,clo,clock,clone,close,closed,closer,closure,cloth,clothe,clothing,cloud,clouds,cloudy,clown,cls,club,clue,clutch,cm,cmb,cmt,cn,cnet,cnn,cnt,co,coach,coast,coastal,coaster,coat,coated,coca,coche,cock,cocksucker,cocktail,coco,cocoa,coconut,cod,code,coe,coffee,coffin,cofounder,cogito,coil,coin,coke,cola,colbert,colby,cold,coldplay,coli,colla,collage,collard,colleague,collect,collection,collective,collector,college,collide,collider,collie,colm,cologne,colombia,color,colorado,colorful,colors,colossus,colour,colourful,colt,columbia,columbus,com,combo,comcast,come,comeback,comedian,comedy,comercio,comes,comfort,comfortable,comforters,comfy,comic,comic_strip,comical,comics,coming,command,comme,comment,commercial,commissioner,commit,common,commonwealth,comms,communicate,communication,communitie,community,como,comp,compact,companion,company,comparable,compare,comparison,compassion,compatibility,compatible,compete,competition,competitive,competitor,compilation,complain,complaint,complete,completely,completion,completly,complex,complicate,complicated,complimentary,composer,compound,compute,computer,computers,comuni,con,concede,concept,concern,concerned,concert,concertina,concerts,conch,conclusion,concrete,concussion,condition,condom,condominium,cone,confederate,conference,confess,confession,confident,confidentiality,config,confirm,confirmation,conflict,conformist,confrontation,confuse,confused,confusing,confusion,congr,congrat,congrats,congratulation,congress,conk,conn,connect,connected,connection,connections,connector,conned,connoisseurs,consider,consideration,console,consoles,conspiracy,constan,constant,constantly,constellation,consultancy,consultant,consultation,consume,consumer,cont,contact,contactless,contemplate,contemporary,content,contentment,contest,continual,continue,contortion,contract,contrast,contre,contribute,control,controller,controversial,convenient,convent,conversation,converse,conversion,convert,convince,coo,cook,cooked,cookie,cookies,cooking,cooks,cool,cooler,coolest,coop,cooper,cop,cope,copenhagen,copter,copy,copycat,copying,copyright,coral,cord,core,corea,corn,cornell,corner,coronado,corporate,corporation,corps,corpus,corre,correct,correction,correctly,corrector,correlation,corrigan,corrupt,corruption,corsair,cos,cosmetic,cosmetics,cosmic,cosmos,cosplay,cosplayer,cost,costa,costly,costume,cosy,cot,cou,couch,could,counselor,count,countdown,countries,country,countryside,county,coupe,couple,coupon,cour,courage,course,court,courtesy,courts,courtship,cousin,couture,covent,cover,coverage,covergirl,cow,cowboy,cowen,cowgirl,coworker,cox,cozumel,cozy,cpu,cr,crab,crack,crackdown,cracked,cracker,crackle,cracks,cradle,craft,crafty,craig,cram,cramp,cranberry,crane,crap,crappy,craps,crash,craving,crawfish,cray,craziest,crazy,creaky,cream,create,creation,creative,creativity,creator,creature,credit,cree,creed,creepy,crew,crib,cribs,cricket,crime,criminal,cringe,crisis,crisp,crispy,cristiano,cristo,critical,cro,croatia,crochet,crocodile,croft,crook,crop,cross,crossing,crowd,crowds,crowes,crowley,crown,cruel,cruise,crumb,crumble,crumbles,crummy,crump,crunch,crush,crusher,crust,crutch,cry,crying,crystal,crystals,cs,csp,ct,cta,ctf,cu,cuar,cub,cube,cucumber,cud,cuddle,cuddled,cuddly,cuisine,cul,cult,culture,culver,cunt,cup,cupcake,cupcakes,cupertino,cupid,cur,cure,curious,curiously,curl,curls,curly,current,currently,curry,curse,curt,curtin,curve,curved,cuse,cushion,cuss,custom,customer,customise,customizable,customization,customize,cut,cute,cuteness,cutest,cutie,cutler,cutter,cutting,cx,cy,cyber,cycle,cyclist,cyd,cydia,cyn,cynical,cz,czech,da,daal,dab,dachshund,dad,daddy,dade,dae,daft,dag,dagger,dah,dail,daily,dairy,daisie,daisuke,dak,dal,dale,dali,dallas,dam,damage,damaged,damian,damm,damn,dan,dance,dancer,dancing,dandelion,dane,dang,danger,danielle,danish,dann,danny,dap,dapper,dare,dari,dark,darkness,darle,darlin,darn,darth,darwin,das,dash,dass,dat,data,database,date,dating,datum,daughter,dave,daventry,david,davids,davidson,davis,daw,dawn,day,daydream,daylight,days,db,dc,dd,ddb,ddr,de,dead,deadbeat,deadline,deaf,deal,dealer,deans,dear,dearly,death,debate,debbie,debian,debt,debug,debut,dec,decal,deceit,deceive,december,decency,decent,deception,decide,decision,deck,declare,decor,decoration,decrease,dee,deem,deep,deeply,deer,default,defeat,defective,defend,defiant,definately,define,definitely,degree,dek,del,dela,delaware,delay,delayed,delaying,delete,deleted,deletes,deleting,delhi,deli,delicious,delight,delighted,deliver,delivery,dell,delray,delta,dem,demand,demi,demo,democracy,democratic,demolish,demon,demonstrably,demos,den,denim,deniz,denmark,denounce,dent,deny,deo,depart,departement,depend,deportivo,deposit,depp,depress,depressed,depression,dept,der,derby,derrick,derwent,des,describe,description,desert,deserve,deserved,desi,design,designer,designing,desire,desk,desktop,despatch,desperate,despicable,despise,despite,dessert,destinations,destiny,destroy,destruction,det,detach,detail,detailed,details,detect,dethrones,detox,detroit,detroye,deutsch,deutschland,dev,devastate,develop,developer,developers,development,device,devices,devil,devon,devotional,devour,devs,dew,dexter,dey,df,dh,dha,dhabi,dharma,di,dia,diablo,dial,diameter,diamond,dian,diarie,diario,diary,dias,dic,dice,dick,dickinson,dictator,dictionary,didi,die,diego,diet,diff,difference,different,differently,differnt,difficult,diffrent,dig,digital,dina,dine,diner,ding,dining,dinner,dinosaur,dint,dio,dior,dip,dire,direct,direction,directly,director,directory,dirt,dirty,disable,disabled,disappear,disappearing,disappoint,disappointed,disappointing,disappointment,disaster,disc,disciple,discipline,disco,disconnect,discount,discover,discrepancy,discussion,disgrace,disgraceful,disgruntle,disgust,disgusted,disgustingly,dish,disk,dismiss,disney,disneyland,disorganize,dispatch,display,displeased,displeasure,dispute,disrupt,diss,dissatisfied,dissatisfy,disservice,dist,distance,distortion,distract,distribute,distribution,distributor,district,disturb,ditch,dith,diva,dive,diverse,diversify,diversity,divertimento,divine,diving,diwali,diy,dj,dje,dk,dl,dle,dll,dm,dma,dms,dmu,dmx,dn,dnb,dnc,dnd,do,dock,docking,doctor,document,documentaries,documentary,documentation,dod,dodd,dodgers,doe,dog,dogg,doggie,doggy,dogs,doha,doherty,doi,doing,doj,dolce,doll,dollar,dolores,dom,domain,dome,dominant,dominate,domingo,dominican,don,donald,donate,dong,donkey,donna,donor,donut,donuts,doo,doodle,doom,door,dope,dorado,dori,dork,dormitory,dorset,dose,dot,dots,double,doubt,douche,doug,doughnut,douglas,doutzen,down,downey,downgrade,download,downloaded,downloading,downside,downsize,downtown,dr,dra,draconian,draft,drag,dragon,dragonball,drain,drake,drama,draw,drawing,dre,dread,dreadful,dream,dreamer,dreams,dreamt,dreamy,dress,dribble,drink,drinking,drive,driver,drm,droid,drone,drones,drop,dropping,drove,drown,drug,drum,drummer,drunk,dry,dryer,ds,dsc,dsl,dst,dt,dtm,dtv,du,dual,duat,dub,dubai,dubstep,duck,ducks,ducky,dude,due,duel,duff,duffy,dug,dugan,dulcimer,dumb,dun,dunk,dunno,duo,duos,dup,duplicate,dur,dura,durable,durdle,durian,dust,dutch,duty,duvet,dvd,dvds,dvo,dw,dwarf,dwindle,dxc,dy,dye,dyed,dylan,dynamic,dynasty,ea,eaf,eagerly,eagle,ear,eared,earlier,early,earn,earphone,earphones,earre,ears,earth,ease,eash,easily,east,easter,eastern,eastwood,easy,eat,eaten,eater,eaton,eb,ebay,ebony,ebook,ebs,ec,echo,eck,eclipse,eco,economic,economy,ecosystem,ect,ed,edc,eddie,edel,eden,edgar,edge,edgy,edi,edible,edinburgh,edit,editing,edition,editor,edm,educate,education,educational,edwina,ee,eee,eek,ef,efc,eff,effect,effective,effects,efficiency,efficient,effort,efron,eg,egg,eggers,eggs,ego,egypt,eh,ei,eid,eiffel,eight,eighteen,eilat,einhorn,einstein,either,ek,eka,el,ele,election,electra,electric,electrically,electricians,electro,electronic,electronics,elegance,elegant,element,elena,elephant,elevator,eli,elia,elicit,eligibility,eliminate,eling,elite,elizabethan,ell,ella,ello,elly,elm,elmer,elo,else,elvis,ely,emacs,email,emailing,embarrass,embarrassing,emblem,emerge,emergency,emi,emilio,emily,eminem,emirates,emirati,emmys,emo,emoticon,emotional,emotionally,emotions,emp,empire,employ,employee,employees,empower,empty,emulate,en,ena,enable,enamor,enamorada,enar,enburg,enc,encase,enchantment,encouraging,end,ended,ender,endless,enemy,energy,eng,engage,engagement,enger,engine,engineer,engineering,england,englisch,english,enhance,eni,enix,enjoy,enjoyment,enne,eno,enormous,enough,ensue,ent,enter,entertaining,entertainment,enthusiast,entire,entourage,entr,entrep,entrepreneur,entry,entryway,envious,envy,eon,eos,ep,epcot,epic,episode,eps,eq,equal,equestrian,equine,equip,equipment,equivalent,er,erase,ercole,eri,eric,ericson,ericsson,erie,erin,erm,ern,ero,erotic,err,errands,erroneously,error,ers,ersary,eru,es,escape,eso,esp,especially,espresso,ess,essentials,est,estate,este,estimate,estreno,estro,et,etat,etc,ethernet,ethno,etihad,ets,ett,etti,eu,eugene,eur,eure,eureka,euro,europa,europe,european,europeans,eurostar,eurydice,ev,eva,evade,evan,evanescence,evangelist,evans,eve,even,evening,event,eventually,ever,everett,every,everybody,everyday,everyone,everything,everytime,everywhere,evg,evian,evidently,evil,evo,evolution,ew,ewer,ex,exact,exactly,example,excellent,except,exception,exchange,excite,excited,excitedly,excitement,exciting,exclusive,excuse,exec,execs,executive,exercise,exhibit,exist,existent,exit,exo,exodus,exotic,exp,expand,expansion,expect,expensive,experience,experiment,expert,expiration,expire,explain,explicit,explode,exploit,exploiter,explore,explorer,expo,expose,exposure,express,expression,exquisite,ext,extend,extended,extension,extent,extortion,extortionate,extra,extract,extraordinary,extreme,extremely,ey,eyal,eye,eyeliner,eyes,eying,ezra,fa,fab,fabian,fabulous,fac,face,facebook,faced,facetime,facial,fact,factitious,factor,factory,fade,faf,faggot,fail,failing,failure,fair,fairtrade,fairy,faith,faithful,fake,fall,fallback,fallout,false,fam,fame,famed,familia,family,famous,fan,fanatic,fanatics,fanbase,fancy,fanny,fanta,fantastic,fantastically,fantasy,far,farm,farmhouse,farming,farsi,fascist,fashion,fashionable,fast,faster,fat,fata,fatal,fatality,father,fathers,fatty,fault,faulty,fave,favor,favorite,favour,favourite,fawn,fay,fb,fbi,fc,fcb,fct,fd,fe,fear,fearless,feast,feat,feather,feature,feb,february,fec,fed,federal,fee,feed,feedback,feeder,feel,feelgood,feeling,feet,fei,felice,feline,feliz,fellow,female,females,femme,fender,feria,fernande,ferociously,fes,fest,festin,festival,festivals,festive,fetch,fetish,fett,feu,few,ff,ffe,ffs,fg,fh,fi,fia,fiance,fiancee,fiasco,fiat,fibs,fic,fico,fiction,fiddle,fidelity,fidget,fie,field,fierce,fiery,fiesta,fifa,fife,fifth,fight,fighter,figure,figured,fil,filament,filch,file,filipina,filipinos,fill,film,filming,filmmake,filmmaker,filmmaking,films,fils,filter,filton,fim,fin,final,finale,finally,finaly,finance,financial,find,finder,finding,fine,finger,fingered,fingerprint,fingertip,finish,finished,finland,finn,fio,fir,fire,firefighter,firefox,firenze,firestone,firewire,firework,firm,firmware,first,firsthand,fish,fisher,fishing,fist,fistful,fit,fitness,fiu,five,fix,fixe,fizz,fizzle,fk,fl,flaccid,flag,flagship,flake,flame,flamingo,flannel,flap,flash,flashback,flasher,flashlight,flat,flaunt,flavor,flavour,flawless,flax,flee,fleming,fler,fles,fletcher,flex,flexible,fli,flickr,flight,flint,flintstone,flip,flirt,flirting,float,flock,flood,flooding,floor,flop,flora,floral,florence,florida,flour,flow,flower,flowers,flu,fluffy,flux,fly,fm,fna,fo,foam,foc,focus,focused,foe,fog,fol,fold,folder,foley,folk,follow,follower,followup,folly,fon,fond,font,foo,food,fool,foolish,fools,foot,football,footer,footsteps,for,forbid,force,ford,foreground,forest,forever,forget,forgiveness,forgot,fork,form,format,forme,former,formula,forsake,fort,fortaleza,forth,fortunately,forum,forward,foss,fot,foto,fotogr,fotos,foul,foundation,founders,fountain,four,foursquare,fourth,fox,fp,fps,fr,fra,fragile,frame,france,francisco,franco,francois,frank,frankie,franks,fraud,frauds,fraudulent,fray,freak,freaking,freckle,freddie,free,freebie,freedom,freelance,freelancer,freely,freestyle,freeze,freezer,freezing,french,frequently,fresh,freshmen,fresno,fri,frick,frida,friday,fridays,fridge,friend,friendly,friends,friendship,frigg,frik,fringe,fro,frog,frogs,frolics,from,frond,front,frontier,froot,frost,froze,frozen,fruit,fruity,frustrate,frustrated,frustrating,frustration,fry,fs,fsc,fsu,ft,fu,fuck,fucker,fuckin,fucking,fuel,fuji,ful,fulda,fulfil,fulfillment,full,fully,fume,fuming,fun,function,functional,functionality,functions,fund,funding,funeral,fungi,funky,funny,fur,furby,furious,furnish,furniture,furry,furtado,fusion,future,fuzzy,fv,fw,fylde,ga,gabal,gabba,gabbana,gad,gaddafi,gadget,gadgets,gag,gaga,gah,gain,gala,galata,galatasaray,galax,galaxy,gale,galette,galleria,gallery,galore,galvanic,gam,gamasutra,gamba,game,gameboy,gamer,gamers,games,gamestop,gaming,gana,gander,ganesan,gang,gangsta,gangster,ganja,gans,gar,garage,garbage,garc,garden,gardening,gardens,garm,garten,garth,gary,gas,gat,gate,gates,gato,gatorade,gaur,gavin,gay,gayness,gaza,gb,gc,gcc,gcse,gd,gda,gdl,ge,gear,gears,gee,geek,geeki,geeks,geez,geforce,geisha,gel,gela,gemini,gen,general,generation,generator,generic,genesis,geneva,geng,genie,genius,geniuses,gent,gentle,gently,genuinely,geo,geometric,geometry,geordie,georg,george,georgia,ger,germ,german,germany,gers,gershwin,get,getaway,gettin,gev,gew,gf,gg,gh,ghana,ghc,ghetto,ghost,ghostbuster,gi,gia,giancarlo,giant,giants,gid,gif,gift,gifting,gig,giga,gigabyte,giggle,gilbert,gilette,gilmore,gimme,gimmick,ginger,gingerbread,giraffe,gird,giri,girl,girlfriend,girls,girly,git,give,giveaway,giver,gizmo,gj,gl,gla,glad,glam,glamour,glance,glare,glas,glasgow,glass,glee,glendale,gli,glide,glimpse,glitch,glitter,glitters,glitz,global,globally,globaltv,globe,globes,gloomy,glory,glossy,gloucester,glove,glover,glow,gls,glue,gluten,gm,gmail,gmt,gn,gne,gnu,gny,go,goal,goat,god,godaddy,goddam,goddamne,goddaughter,goddess,gods,godson,gogo,gohan,gold,golden,goldfish,goldman,golf,goll,gon,goner,goo,good,goodbye,goodlooke,goodly,goodness,goodnight,goodtime,goody,goof,goofy,google,goose,gop,gopher,gor,gore,gorgeous,gorme,gosh,got,goth,gothenburg,gothic,gotten,gou,gourmet,gov,government,govt,gps,gpu,gq,gr,gra,grab,grabacione,grabber,gracelessly,gracia,gracias,gracie,grad,grade,graduation,graf,graffiti,graft,graham,grail,grain,gram,grammar,grammer,gramophone,grams,gran,grand,grande,grandma,grandmas,grandmother,grandpa,grandparent,grant,grape,grapefruit,grapes,graph,graphic,graphics,gras,grassland,grassroots,grate,grateful,gratis,gratitude,grav,gravity,gray,grazie,great,greatest,greatly,greatness,greece,greedy,greek,green,greenery,greens,greet,greeting,gregory,grenade,gres,greta,grey,gri,grid,griffen,grill,grim,grime,grimm,grimsby,grin,grind,grip,gro,grocery,gromit,groom,grooming,groove,gross,ground,group,grow,grower,growers,growl,growth,grumpy,gs,gsg,gsi,gsm,gt,gta,gti,gtv,gu,gua,guangzhou,guarantee,guard,guardian,gucci,gud,gue,guerrero,guess,guesswork,guest,guet,gui,guide,guido,guitar,guitarist,gujarat,gul,gulp,gum,gumbo,gummer,gummi,gummy,gun,gunn,gunshot,gur,gurgaon,gurls,guru,gush,gust,gusto,gut,gutte,gutted,guy,gw,gwar,gy,gyllenhaal,gym,gyp,gz,ha,haag,hab,habib,habitat,hack,hacker,hadron,hae,hafiz,haft,hag,hagia,hah,hai,hail,haile,hailey,hair,haircut,hairdo,haired,hairstyle,hairy,haitham,haiti,hakuna,hal,hala,half,halfway,hall,hallen,hallo,halloween,ham,hamburg,hamburger,hamer,hamilton,hammer,hampton,han,hana,hand,handbag,handcraft,handcrafted,handed,hander,handle,handmade,handset,handsome,handstand,handy,hang,hangout,hangover,hani,hank,hannibal,hans,hanuman,hap,happen,happens,happier,happiest,happily,happiness,happy,har,harbour,hard,hardly,hardware,hardy,hare,hari,harlem,harley,harmony,harry,harvest,hash,hashanah,hassle,haste,hat,hatch,hate,hated,hateful,hater,haters,hatred,haul,haunt,have,haven,havoc,hawai,hawaii,hawaiian,hawk,hay,hayat,hayden,hayward,hayy,hazel,hb,hc,hd,hdd,hdmi,hdtv,head,headache,headgear,headline,headphone,headphones,heads,headset,headshot,heal,healer,health,healthcare,healthful,healthy,hear,hearing,heart,heartbreak,heartbroken,heartless,hearts,heat,heated,heathen,heating,heaven,heavy,heck,hectic,hedgehog,hee,heel,heh,height,hel,helen,helena,hell,hello,helmet,help,helper,helpful,helsinki,hen,hence,henna,henry,hepburn,herbs,herd,here,heritage,hern,hero,heroe,heroes,heroine,herpe,hette,heure,hew,hewitt,hey,hg,hh,hi,hialeah,hiccup,hick,hida,hidden,hide,hig,high,highland,highlight,highline,highschool,hight,highway,hijab,hijacking,hike,hikers,hiking,hil,hilal,hilarious,hill,hillary,hills,hilltop,hilly,hilton,hinge,hint,hinton,hints,hio,hip,hiphop,hippie,hippo,hipster,hire,hiring,hiroshima,hispanic,hisper,hiss,hist,historians,history,hit,hitachi,hitler,hive,hk,hl,hm,hmann,hmm,hn,ho,hoax,hob,hobbit,hobby,hockey,hoe,hoes,hog,hogwart,hoh,hokey,hol,hold,holder,holding,hole,holi,holiday,holidays,holl,holland,hollister,holly,hollywood,holmes,holographic,holy,hom,home,homemade,homepage,homeschooling,homesick,homestead,homework,homie,hon,honda,hone,honest,honestly,honesty,honey,honeymoon,hong,hongkong,honk,honor,hoo,hood,hoodoo,hook,hookah,hooked,hooker,hookup,hoon,hoop,hooray,hoot,hoovers,hop,hope,hopefully,hopeless,hor,hora,horace,horizon,horn,horny,horrendous,horrible,horrific,horror,horse,horseback,horses,horton,hose,hospital,hosseini,host,hostage,hot,hotcake,hotdog,hotel,hotels,hotness,hotshots,hotspot,hottie,hou,hound,hounds,hour,hours,house,household,housewive,housing,houston,hove,hover,how,however,hox,hoy,hp,hq,hr,href,hrh,hrs,hsi,hsv,ht,htc,html,http,hu,hua,hub,hubby,huck,huddersfield,hue,huff,huffed,hug,huge,hugo,huh,hulk,hull,hum,human,humanitarian,humanity,humble,humboldt,humor,humorous,humour,hump,hun,hundred,hung,hunger,hungry,hunt,hunter,hunting,huntington,hurray,hurry,hurt,husband,hush,husky,huss,hustle,hutch,huwa,hv,hwan,hy,hyatt,hybrid,hyde,hyderabad,hydrate,hype,hyper,hypo,hypocrite,hypocritical,hysteria,hz,iac,iain,iam,ian,iau,ibb,ic,icc,ice,icecream,ich,ichat,ichi,ici,icky,ico,icon,iconic,ics,ict,icy,ide,idea,ideal,identify,idf,idi,idiot,idiots,ido,idol,ie,iec,iei,ien,ies,iet,if,iftar,ig,ige,iger,igg,iggy,igloo,ign,ignite,ignore,igo,ih,ihi,ii,ik,ika,ike,ikea,ikeda,il,ila,ile,ill,illegal,illinois,illness,illuminati,illusion,illusive,illustration,illustrator,ilm,iloveyou,imac,image,imaginary,imagination,imagine,imam,iman,ime,img,imi,immediately,immigrating,imp,impala,impatient,impeccably,implement,import,importance,important,impossible,impress,impressed,impression,impressive,improve,improvement,impulse,in,inaccessible,inaccurate,inadequate,inanimate,inappropriate,inc,incapable,incarnation,inception,inch,inches,include,income,incoming,incompatible,incompetence,incompetent,inconsiderate,inconvenience,inconvenienced,inconvenient,incorrect,increase,incredible,incredibles,incredibly,indeed,independence,independent,index,india,indian,indiana,indie,indigenous,indirectly,individual,indo,indonesia,indoor,indra,indulge,indulgent,industry,inexcusable,inexplicably,infant,inferior,infest,infiltrate,infinity,inflation,influence,info,inform,information,infringe,infringement,infuriate,infuse,ing,ingredient,initial,initiate,initiative,inject,injunction,injured,injurious,ink,inked,inkjet,inky,inlay,inn,inner,innocence,innocent,innovate,innovates,innovation,innovator,input,insane,insanely,insanity,insatiable,insect,insert,inside,insider,insight,insomniac,inspiration,inspirational,inspire,insta,instal,install,installation,installer,installing,instant,instantly,instead,instruction,instrumental,insufficient,insult,insurance,insure,intact,integral,integration,intel,intellectual,intelligence,intend,intense,intensive,intensively,inter,interactive,interest,interested,interesting,interface,internal,international,internet,interracial,interstellar,interview,into,intro,introduce,intruder,invent,invention,inventor,invest,investigate,investment,investor,invitation,invite,involve,io,ioann,ioc,ion,iona,ios,iosif,ip,ipa,ipad,iphone,iphones,iphoto,ipl,ipod,ipods,iptv,iq,ir,iran,iranian,iraq,ire,iris,irish,iron,ironic,ironman,irresistible,irritable,irritate,irritated,ish,ishi,isla,islam,islamabad,island,islands,isle,iso,israel,israelis,issue,istanbul,itai,italia,italian,italy,item,iteration,itune,itunes,iu,iud,iv,ivo,ivory,ivy,iw,iy,iz,izmir,izz,izzi,jack,jacked,jacket,jackpot,jackson,jacksons,jacobs,jaffa,jag,jagged,jai,jail,jailbreak,jailbroken,jakarta,jake,jakes,jam,james,jamming,jan,jana,janeiro,janel,janice,janis,january,japan,japanese,jar,jardim,jasmin,jassy,java,javascript,jay,jayanti,jazz,jb,jbl,jc,jd,je,jea,jealous,jealousy,jean,jeanne,jeans,jeddah,jeep,jeffery,jehovah,jeje,jelly,jellybean,jen,jenna,jenner,jennifer,jensen,jer,jeremy,jerry,jersey,jes,jess,jesus,jet,jetblue,jetson,jewel,jewellery,jewelry,jewish,jg,jgf,ji,jia,jibs,jig,jill,jim,jima,jimmy,jing,jingle,jinks,jitterbug,jj,jk,jn,jo,job,jobs,jock,jodie,joe,joey,jog,john,johnny,johnson,johor,join,joint,joke,joker,jol,jolly,jon,jones,joplin,jordan,jose,joseph,josh,joshe,jour,journal,journey,joy,joyful,joysticks,jp,jpeg,jpg,jpl,jr,js,ju,juan,jubilation,jud,judge,jue,juice,juicy,juke,jul,jules,julie,july,jumanji,jump,jumper,jumping,jun,june,jungle,junior,juniors,junk,junkie,juno,jura,jury,jus,just,justice,justifie,justify,justo,jx,jy,jyp,ka,kah,kahlo,kai,kaku,kal,kale,kam,kamal,kamen,kamer,kami,kampung,kan,kane,kansas,kap,karaoke,kardashian,kari,karl,karma,karnataka,kart,kasara,kat,kate,katie,katy,kauai,kava,kaw,kawai,kay,kc,ke,keaton,kee,keep,keeper,keh,kei,kein,keira,keith,kel,kelly,ken,kendall,kensington,kent,kenya,kenz,ker,kerala,kernel,kerry,kers,kesha,ket,kevin,key,keyboard,keynes,keynote,keypad,keywords,kf,kh,kha,khalifa,khao,khl,ki,kick,kickboxing,kickoff,kicks,kickstand,kid,kidd,kidding,kiddo,kidnap,kids,kiel,kill,killer,killing,killzone,kim,kimono,kin,kinabalu,kind,kinda,kinder,kindergarten,kindle,kindness,kinds,king,kingdom,kingston,kio,kip,kirk,kiss,kisses,kit,kita,kitchen,kitchener,kitten,kittens,kitti,kitty,kiwi,kk,kke,kl,klein,km,kn,knicker,knicks,knife,knight,knights,knit,knock,knockout,knot,know,knowledge,knox,knuckle,ko,koala,kobe,kodak,koh,kolkata,kom,komatsu,kombat,kon,kong,konstantin,koo,koop,kor,kora,korea,korean,koro,kosovo,kota,kp,kr,krakow,kri,krill,krishna,kriss,krist,kroes,kronos,krusty,ks,ksa,kt,ku,kuala,kuan,kull,kuma,kur,kuri,kuro,kush,kut,kuta,kuwait,kuwaiti,kv,ky,kylie,kyoto,kz,la,lab,label,labor,labour,labrador,lac,lace,lack,lacking,lacy,lad,lade,lads,lady,ladybug,lafleur,lag,laga,laguna,lahore,lahr,lair,lake,laker,lakeview,lala,lamb,lamborghini,lame,lamed,lamp,lana,lancashire,lance,land,lander,lando,landscape,lane,lang,langan,lange,language,lans,lantern,lap,lapp,lapse,laptop,laptops,lara,lard,lare,large,larry,larue,las,laser,lash,lassen,last,lat,late,lately,later,latest,latin,latina,latino,latte,laugh,laughing,laughs,laughter,launch,launcher,launchpad,laundromat,laundry,laura,lauren,laus,lav,lava,lavan,lavender,laver,law,lawsuit,lawyer,lax,lay,layer,laying,layman,layout,laz,laze,lazy,lb,lbc,lc,lcd,ld,le,lead,leader,leadership,leaf,leafs,league,leak,leakage,lean,learn,learning,lease,least,leather,leave,leb,lebanon,lebron,lecco,led,lee,leech,leed,left,lefty,leg,legacy,legal,legally,legend,legging,legit,lego,legs,leh,lei,leica,leigh,lek,lemme,lemon,lend,lengthy,lens,lense,lenz,leo,leopard,ler,les,lesbian,lesbians,less,lesson,let,lethal,leto,lets,letter,letters,lev,levante,level,lewis,ley,leyla,lez,lfc,lft,lg,lgbt,lgv,li,lia,liang,liar,libel,liberal,libra,library,libre,lica,lice,license,licensing,lich,licious,lick,lid,lido,lie,liebe,lieber,lief,lien,life,lifestyle,lifetime,lift,lig,light,lighten,lighting,lightning,liguria,lij,like,likely,likes,lil,lilith,lilo,lily,lima,lime,limit,limited,limitless,limo,lin,lina,linda,line,linen,liner,linger,lingerie,link,links,linus,linux,linz,lio,lion,lip,lipstick,liquid,lis,lisa,lisboa,lisbon,list,listen,lister,listless,lit,lita,lite,literally,lithium,lithuania,little,live,liverpool,livid,living,lix,liz,lizard,lizzy,lk,llah,llamas,lle,lli,lm,lmfao,lmr,ln,lng,lo,loa,load,loan,loathe,lob,loc,local,locate,location,loci,lock,locked,locker,locket,loco,locos,lod,lodie,loft,log,logan,logger,logic,login,logistics,logitech,logo,logos,logs,logy,lol,lollipop,lolly,lollypop,lollywood,lolo,lolol,lom,lon,lond,london,lonely,loner,long,longd,longer,longhair,longtime,loo,look,lookalikes,looked,lookout,loom,loong,loop,loos,loose,looser,loot,lop,lopp,lor,lord,lore,los,lose,loser,loss,lost,lot,lotion,lottery,lotus,lou,loud,louis,louise,louisville,lounge,lov,lovato,love,loveable,lovely,lover,lovers,loves,loving,low,lowdown,lower,loyal,loyalty,lp,lpg,lt,lte,lten,lu,lube,luc,luca,lucha,lucien,lucifer,luck,luckily,lucknow,lucky,lucy,lud,lug,lugano,luis,luiz,luk,lukas,luke,luma,lumber,lumi,lumpur,lun,luna,lunar,lunch,lunchtime,lune,lung,luo,lure,luring,lus,lush,lust,lustful,lute,lutley,luton,lutsk,luv,lux,luxe,luxury,lv,lw,ly,lychee,lynx,lyon,lyric,lz,lzh,ma,mac,macaroni,macau,macaw,macbook,macbooks,mace,machine,machinery,macintosh,mack,mackenzie,macro,macs,macworld,mad,made,madison,madness,madras,madrid,mafia,mag,maga,magazine,magenta,maggie,magi,magic,magical,magically,magna,magni,magnificent,magog,mah,maha,mahi,maho,mai,maid,mail,main,maine,mainly,maintain,maintenance,maj,majestic,major,majority,mak,makar,makassar,make,makeover,maker,makeup,makin,making,mal,malamute,malay,malaysia,malaysian,maldive,male,malfunction,malicious,mall,malm,maltese,malware,mam,mama,mamba,mammas,man,manage,manager,managing,manaus,manchester,mandala,mandela,manet,mang,manga,mango,mangrove,manhattan,mani,mania,maniac,maniacal,manikin,manila,manly,mann,manner,manor,mans,mansion,manual,manually,manufacture,manufacturer,manufacturing,manuscript,manx,many,map,mapping,maps,mar,maracay,maraj,marble,marc,marca,march,marcos,mardi,margaret,margarita,maria,mariah,marie,marilyn,marine,marines,marino,mario,marital,mark,marker,market,marketing,markt,marky,marl,marley,maro,maroc,marques,marr,marrakech,marriage,married,marry,mars,marsh,marshmallow,mart,marte,martes,marti,martian,martin,marty,maru,marv,marvel,mary,mas,masc,maserati,mash,mask,mason,mass,massachusetts,massive,mast,master,matata,match,mate,material,materialistic,math,matilda,matrix,matt,matte,matter,mature,matzo,maverick,mavericks,mavi,max,may,maybe,mayfair,mayo,mayor,maz,mazda,maze,mb,mba,mbh,mbs,mc,mcd,mcdonalds,mcqueen,md,mdr,me,meadow,meal,mean,meaning,meaningful,meantime,meanwhile,measure,mechanism,med,medallion,medes,media,medicine,medico,meditate,meditation,mediterranean,medium,mee,meer,meet,meeting,meg,mega,megan,meghan,meh,mehdi,mejor,mek,mel,melancholy,melanin,melbourne,melis,mello,mellon,melo,melody,melon,melrose,melt,meltdown,melted,mem,member,members,membership,meme,memo,memorial,memorie,memories,memory,memphis,men,mende,mendes,mens,menswear,ment,mental,mentally,mention,mentions,mentor,menu,meow,mer,mercury,mercy,mere,merle,mermaid,merry,mers,merseyside,mery,mesh,mess,message,messages,messaging,messi,messiah,messing,messy,meta,metal,metallic,meter,method,metro,mettle,mew,mex,mexican,mexico,mf,mfi,mg,mh,mi,mia,miami,mic,mica,michael,michelle,michigan,mick,mickey,micr,micro,microphone,microphones,microscope,microscopic,microsoft,microwave,mid,middle,middy,midnight,midsummer,midterm,midwest,mie,mig,mighty,migraine,migration,migros,miguel,mih,mike,mil,mila,milanese,mild,mile,miler,miles,milestone,military,milk,mill,millet,million,millionth,milt,milton,mily,mim,mimic,min,mina,minaj,mind,mine,minecraft,ming,minh,mini,miniature,minimal,minimalist,minimize,minimum,mining,minion,minions,minis,mink,minnesota,minnie,mino,minolta,minor,minority,mins,mint,minus,minute,mio,mir,miracle,mirage,miramar,miri,mirror,mis,mischa,miserable,miserably,mishap,misi,miso,miss,missa,mission,missouri,misspell,mist,mistake,mister,mistype,mit,mitsubishi,miu,mix,mixer,mixing,miya,miyake,miz,mj,mk,mks,ml,mlb,mm,mma,mme,mmm,mmo,mmorpg,mn,mnet,mo,mob,mobil,mobile,moby,mocha,mochi,moci,mock,mocks,mod,moda,mode,model,modem,modern,modest,mods,moe,mofo,mogul,moh,mohegan,moi,moj,mojave,moji,mojo,moka,mol,mold,molecules,moli,molly,mom,moment,momentos,moments,momma,mommy,momo,mon,monaco,monday,money,moneymaker,monica,monitor,monitoring,monkey,monochrome,monogram,monopolize,monopoly,monotone,monroe,monsoon,monster,monsters,monteith,montgomery,month,monthly,months,montmartre,montreal,monty,monument,moo,mood,moods,moody,moon,moonlight,moor,moore,moot,mor,mora,more,morgan,morn,morne,morning,mornings,moro,morocco,moron,moronic,morons,mortal,mortgage,mortimer,mos,moscow,mosh,mosque,mosquito,mostly,motel,moth,mother,motherfucker,motherhood,mothers,motion,motivate,motivated,motivation,motivational,moto,motogp,motor,motorcycle,motorola,mou,moulin,mount,mountain,mountains,mousavi,mouse,mousse,moustache,mouth,mouthful,move,movement,movie,movies,mp,mph,mpl,mps,mr,mri,mrs,ms,msc,msg,msi,msp,mt,mtf,mtr,mtv,mu,muar,mubarak,much,muchmusic,muesli,muffin,muffins,mug,mugs,muh,mule,mullen,multi,multiplayer,multiple,multiples,multiply,multitaske,multitasking,mum,mumbai,mummy,mun,munch,munchie,mundi,mundo,mungo,munich,muppets,mur,mura,murder,murdered,muscle,muse,museum,mush,mushroom,mushrooms,music,musical,musically,musician,musketeers,muslim,muslims,must,mustang,mustard,mut,mute,muter,mutt,muy,muzzle,mv,mvp,mw,mx,myrtle,mysteriously,mystery,na,nach,nacho,naci,nada,nadia,nadine,nae,nagoya,nah,nail,nails,naked,nam,nama,namaste,name,naming,nana,nancy,nando,nang,nani,nano,nantes,nap,napa,naples,napoli,nappy,nar,narrow,nart,naruto,nary,nas,nascar,nashville,nasi,nasty,nat,natal,nate,nation,national,nationality,nationalize,nationwide,native,natura,natural,nature,naughty,naut,navidad,navigator,navy,nay,naz,nazi,nb,nba,nbc,nbl,nbs,nc,ncaa,nd,nde,ndez,ndr,ne,near,nearest,nearly,neat,nebraska,necessary,necessity,neck,necklace,ned,nederland,nee,need,needle,needless,needs,negative,negotiator,neigh,neighbor,neighborhood,neighbour,neighbours,neither,neko,nel,nell,nelly,nelson,nemo,neo,neon,neoprene,nepal,nepali,nephew,nephews,nerd,nerdy,nero,nerve,nes,ness,net,netbook,netflix,netherland,netherlands,network,neu,neue,neuve,never,neverland,new,newbie,newborn,newcastle,newegg,newell,newest,newham,newly,newlyweds,newport,news,newspaper,newt,newton,next,nexus,nfc,nfl,nfs,ng,nge,nger,ngh,nhl,ni,niall,nibs,nice,nicely,nick,nicki,nickname,nicktoon,nicol,nie,niece,niet,nifty,nigeria,nigga,niggas,nigger,nigh,night,nightlife,nightmare,nights,nih,nike,nikk,nikon,nikos,nil,nina,nine,ning,ninja,ninjas,nino,nintendo,nio,nip,nishimura,nite,nj,nji,nkk,nl,nld,nn,no,nobody,noc,noche,nocturnal,noel,noi,noir,noise,nokia,nolan,nom,nomad,nomination,non,noncommittal,none,nonexistent,nonsense,noo,noob,nook,noon,noone,noord,nope,nor,normal,normally,north,northern,norton,norway,nos,nose,nosh,nostalgia,nosy,not,notch,note,notebook,notebooks,noted,notes,nothing,notice,noticeboard,notification,notorious,nougat,nouveau,nouvelle,nov,nova,novelty,november,novi,novice,novo,now,nowadays,nowhere,np,nr,ns,nsa,nsfw,nster,nt,nter,nu,nuclear,nude,nuevo,number,numbers,numerous,nun,nurse,nut,nute,nuth,nutrition,nuts,nuva,nv,nvidia,nw,nwa,nx,ny,nya,nyc,nylon,nypd,nz,oak,oar,oas,oasis,oats,oba,obama,ober,obey,obi,object,oblivion,obnoxious,observatoire,obsess,obsession,obsolescence,obsolete,obvious,obviously,oc,occasion,occasionally,occupy,occur,ocd,ocean,oct,octo,october,oculus,od,odd,ode,oem,of,off,offend,offensive,offer,offering,office,officer,official,officially,offline,oficial,often,og,ogi,ogram,oh,ohana,ohl,ohne,oho,oi,oil,oishi,ok,okapi,okay,oki,oktoberfest,olaf,old,ole,olga,oli,oliver,oll,ollie,olympia,olympics,om,omar,ome,omelet,omf,omg,omi,omni,on,once,one,onerepublic,ong,onion,online,only,onna,ono,onscreen,ontario,onthisday,onwards,onyx,oo,ooh,oom,ooo,oop,oops,ooty,ooze,op,open,opener,opensource,opera,operate,operation,operator,ophile,opi,opinion,opp,oppel,opportunity,opposite,opposition,oprah,opt,optic,optical,optimism,optimistic,option,options,or,orange,orangutans,orb,orbit,orbiter,orchard,orchid,orcs,order,ordinaire,ordinary,ordinate,ore,oregon,oreo,ores,org,organ,organic,organize,organizing,orgasm,ori,origin,original,originally,orlando,oro,oros,orpheus,ort,ortho,os,osama,osborne,oss,osu,ot,ota,otaku,other,otherwise,otho,otter,otto,ou,ouch,oud,ought,oui,ounce,out,outage,outdate,outdoor,outdoors,outfit,outfitters,outflank,outing,outings,outlet,outlook,outside,outsource,outta,ov,ovation,ove,over,overall,overcharging,overdid,overdose,overheat,overjoy,overload,overly,overnight,overprice,overrate,overrated,overwhelming,overwritten,ovi,owe,owing,owl,own,owner,ownership,ox,oxford,oxo,oxymoron,oya,oye,oz,pa,paa,pac,pace,pacific,pack,package,packs,paco,pad,padang,pads,pae,paean,pagan,page,pageant,pah,pahang,pain,painful,paint,painting,pair,pairs,paix,pak,pakistan,pakistani,pal,palace,pale,palembang,paleo,palestine,pallet,palm,palms,palos,pamela,pan,panama,pancras,panda,pandora,pane,panel,pang,panic,pann,panorama,panoramic,pant,panther,pantry,paolo,pap,papa,paper,paperweight,papua,par,para,parade,paradise,parakeet,parallax,paran,parcel,pardon,parent,parenthood,parfait,paris,parisi,parisian,park,parker,parking,parma,parody,parque,parrot,parsley,part,partial,partner,partners,party,pas,pasadena,pass,passbook,passenger,passion,passive,passport,password,passwords,past,pasta,paste,pastel,pastry,pat,pata,patch,patent,path,pathetic,patience,patient,patiently,patrice,patrick,patriotic,patrol,patron,patronize,pattern,patty,paul,paula,paulson,pause,pave,pavement,paw,pay,payment,payoff,paypal,payroll,paz,pb,pbs,pc,pci,pcs,pd,pda,pdf,pdfs,pe,pea,peace,peaceful,peach,peacock,peak,peanut,pear,pearl,pearls,peasant,pebble,pec,pecans,peck,ped,pedal,pedestrian,pee,peed,peek,peel,peep,peeper,peice,pek,pel,pen,pena,penal,penang,pence,pencil,peng,penguin,penny,pens,people,peoples,pepper,pepsi,per,percent,percentage,peretti,perfect,perfection,perfectly,perform,performance,perfume,perfumes,perhaps,peri,period,periwinkle,perk,perks,permanent,permanently,permission,perry,persian,persians,persistent,person,personal,personalize,personalized,personally,perspective,persuade,peru,pes,peso,pet,peta,petals,pete,peter,petit,petite,pets,petunia,pew,pf,pg,ph,phantom,pharrell,phd,phe,pheromone,phil,philadelphia,philippines,phillip,philly,philosopher,philosophy,phishing,phoenix,phone,phones,phonic,phonograph,photo,photogenic,photograph,photographer,photography,photon,photos,photoshoot,photoshop,phrase,physical,physics,pi,piano,pic,pick,picking,pickle,pickup,picnic,pico,picture,pictures,pie,piece,pier,pierce,piercing,piff,pig,pigeon,piggie,pikachu,pil,pile,pill,pillow,pilot,pim,pin,pinay,pinch,pine,pineapple,pines,ping,pink,pinkie,pinkish,pinky,pinoy,pinta,pio,pioneer,pip,pipe,pipeline,piran,pirate,piss,pissed,pissing,pistol,pit,pitbull,pitiful,pix,pixar,pixel,pixie,pizza,pizzeria,pj,pl,pla,place,placement,plague,plaid,plain,plan,plane,planet,plant,plantation,plaster,plastic,plat,plate,platform,platformer,platino,platinum,platoon,platypus,play,playback,player,playful,playground,playing,playlist,playoff,playstation,plaza,plea,please,pleased,pleasure,plot,plover,plug,plugged,plum,plunge,plus,plush,plz,pm,pmg,pml,pn,png,po,pock,pocket,poco,pod,podcast,pods,poe,poem,poet,poetry,point,pointed,pointless,points,poison,poke,pokemon,pokey,poky,pol,pole,police,policy,polis,polish,polished,polit,polite,politic,polka,poll,polo,poly,polydor,polymer,polyphony,pom,pomeranian,pomme,poncho,pond,pongal,pont,pony,poo,poodle,poodles,pool,poole,poor,pop,popcorn,popstar,popular,popularity,popup,por,pork,porn,porno,porra,porsche,port,portable,portal,portfolio,portion,portland,portrait,portraiture,portugal,portuguese,pos,pose,poser,position,positiv,positive,possess,possible,possibly,post,postage,postcard,poster,posting,posture,pot,potato,potion,potter,potty,pounce,pound,pour,pout,poverty,pow,powder,power,powerful,powerpuff,pox,pp,ppi,ppl,ppt,pr,pra,practical,practically,practice,prada,praise,prank,pranks,prankster,pray,prayer,pre,preach,preacher,precious,precise,predecessor,predict,predictable,pref,prefer,preference,pregnancy,pregnant,premiere,premium,preordered,preparation,prepare,preppy,preps,prequel,preschool,preschooler,presence,present,presentation,presents,preserve,preset,president,press,pressed,preston,pretend,pretentious,prettiest,prettiness,pretty,prevent,prevention,preview,previews,previous,previously,prez,pri,price,priceless,pricing,prick,pricks,pride,priest,prime,primetime,prince,princes,princess,print,printable,printer,printers,printing,prior,pris,prison,privacy,private,prix,prize,pro,probably,problem,problems,procedure,process,processing,proclaim,procreate,produce,producer,product,production,productive,productivity,products,professional,profile,profit,profoundly,program,programing,programme,programmer,programming,progress,progression,prohibido,project,projector,prom,promise,promo,promote,promotion,promotional,prompt,pron,prone,pronounce,pronto,proof,prop,proper,properly,property,prophet,proportion,proposal,proprietary,propriety,prosperity,prosperous,protect,protection,protective,protector,protein,protest,proud,prove,proverbs,provide,provider,province,provision,prue,ps,psn,psone,psp,pst,psv,psychedelic,psychic,pt,pti,pts,pu,pub,public,publicly,publish,pucker,pudding,puddle,puente,puerto,puff,pug,pull,pulls,pulp,pulse,pump,pumped,pumpkin,pun,punch,punching,punctual,pundit,pune,punishment,punjab,punjabi,punk,punks,pup,puppet,puppie,puppies,puppy,pups,pur,purchase,purchasing,pure,purple,purpose,purposely,purr,purse,pursuit,push,pussy,put,puzzle,pv,pw,px,py,qa,qatar,qd,qe,qg,qi,qiang,qr,qs,qt,qu,quack,quad,quadriceps,qualify,quality,quan,quandary,quant,quantified,quarter,que,quebec,queen,queens,query,quest,question,queue,queuing,quick,quickest,quickly,quickness,quicktime,quid,quiero,quiet,quietly,quind,quinn,quirk,quis,quit,quite,quiver,quiz,quote,qv,qwerty,qx,ra,rab,rabat,rabbid,rabbit,rabi,race,racer,racial,racing,racist,racy,rad,radar,radio,raf,raffle,rag,rage,rah,raid,raider,railway,rain,rainbow,rainier,raining,rainy,raise,raj,raja,rally,ralph,ram,raman,ramble,ran,rancher,rand,random,randomly,rang,range,ranger,rangoli,rank,rann,rant,rao,rap,rape,rapeseed,rapper,rapture,rar,rare,rarely,raspberries,raspberry,rasu,rat,ratchet,rate,rather,rating,ratri,rattle,rav,rave,ravi,raw,rawest,ray,rays,raz,raze,razr,rb,rbb,rc,rca,rcule,rd,re,reach,react,reaction,read,reader,reading,ready,real,realise,reality,realization,realize,really,realy,rear,reason,reb,rebel,reboot,rebound,rebuild,rec,recall,receive,recent,recently,reception,rechargeable,recieve,recipe,recite,reckon,recognition,recognize,recommend,recommendation,recon,reconciliation,recondition,reconsider,record,recording,recourse,recover,recovery,recycle,red,redbridge,reddest,reddit,reddy,redeem,redemption,redhead,redheade,redi,redirect,redo,reduce,reduced,reduction,redundant,redwood,reel,reestablish,reeve,refer,reference,referral,refined,reflect,reflection,reform,reformat,refresh,refrigerator,refugee,refugees,refund,refurbished,refuse,reg,regal,regale,regard,regent,reggae,region,register,regret,regrets,regularly,regulate,rehab,rehearse,rehoboth,reich,reign,reinstall,reinvest,reject,rejection,rejoice,rekindle,rel,relate,related,relation,relationship,relax,relaxation,relaxed,relaxing,release,relentless,relevant,reliable,relief,relieve,relieved,religion,religious,relinquish,reload,reluctantly,rem,remain,remake,remark,remember,remi,remind,reminder,remixe,remo,remote,remove,ren,rename,rence,render,renew,reno,renos,rent,reo,rep,repair,repairs,repeat,repent,replace,replacement,replay,replenish,reply,report,represent,representative,reprise,republic,republican,repurpose,reputation,request,require,reroute,res,reschedule,rescue,research,reseller,resend,resent,reserve,reset,residence,resident,resist,resistance,resistant,resize,resolution,resolve,resort,respect,respond,response,responsibility,responsive,rest,restart,restarted,restaurant,restful,resto,restock,restore,restrict,restricted,result,resulted,ret,retail,retain,retard,retards,retention,retina,retire,retrieve,retriever,retro,return,reu,reunion,reunite,reunited,rev,reveal,reveling,revenge,revenue,reverse,revert,review,revision,revista,revival,revive,revolution,revolutionary,revolutionize,revolver,reward,rewarding,reyes,rez,rf,rful,rg,rgen,rh,rha,rhinestone,rho,rhyme,rhymes,ri,ria,rial,riau,riaz,rib,ribbon,ribs,ric,rica,rice,rich,richard,ricky,rico,rid,riddance,ride,rider,ridiculous,ridiculously,ridin,rie,riel,ries,rife,rig,right,rightly,rights,rih,rihanna,rik,ril,rila,rill,rim,rimmed,ring,ringtone,rini,rio,rios,rip,rir,risa,rise,risk,ritchie,rito,rival,rivals,river,rize,rizzo,rj,rk,rke,rkiye,rl,rla,rm,rma,rn,ro,road,roadie,roadshow,roadside,roam,roar,roast,roasted,rob,robber,robbery,robbin,robe,robert,robin,robinson,robot,robs,roc,rocco,rock,rocks,rockstar,rocky,rodeo,rodolfo,rodriguez,roe,rogen,roger,rogers,rogue,rojo,rok,role,roll,roller,rollercoaster,rolling,rom,roma,roman,romance,romania,romantic,rome,romney,romp,ron,ronaldo,roni,ronnie,roo,rooftop,room,rooney,root,rooting,rope,roppongi,rore,ros,rosale,rose,rosen,roses,rosetta,rosey,rosh,rosie,ross,rossi,rosso,rot,rotary,rotin,rotten,rouge,roughly,round,rounded,rout,router,routine,rover,row,rox,roy,royal,royalty,rp,rpg,rpi,rr,rs,rss,rst,rt,rts,ru,rua,rub,rubber,rubbing,rubbish,rubik,ruby,ruckus,rude,rue,ruff,rug,rugge,rugged,ruin,rule,rum,rumor,rumour,rumours,run,runaround,runner,running,rupal,rupee,rus,rush,russ,russe,russia,rust,rustic,rut,ruthless,rv,rw,ry,ryan,ryu,rz,saas,saba,sabotage,sabrina,sacred,sacrifice,sad,saddam,sade,sadly,safari,safe,safely,safest,safety,sag,sagar,sage,sai,saigon,sail,sailing,sak,sake,sal,salad,salah,salam,salamat,salary,sale,sales,sally,salmon,salon,salt,salva,salvador,salvation,salzburg,sam,sama,samantha,samar,same,sammy,samsung,samurai,san,sand,sandbox,sandler,sandown,sandwich,sandy,sangeet,sanitaria,sanity,sanrio,sant,santa,santana,santiago,santorini,santos,sap,sapphire,sar,sara,sarah,sarawak,sarcasm,sarit,sarkozy,sash,sass,sassy,sasuke,satire,satisfaction,satisfied,satisfy,satsuma,saturday,saturn,sauce,saucy,saudi,saul,sausage,sav,save,saver,saving,savings,savior,savoy,say,sayang,saying,sb,sc,scale,scallywag,scam,scams,scan,scandal,scanner,scanning,scant,scape,scared,scarf,scary,scavenger,scene,scenery,scenes,scenic,scent,sch,schedule,scheduling,scheer,schiller,schnauzer,scholar,scholl,school,schoolmate,schwarz,schwarzenegger,science,scientist,scifi,sco,scoop,scooter,score,scotland,scott,scottish,scotty,scrap,scratch,scream,screen,screenshot,screw,screwdriver,screwed,screwing,scribble,scribbles,script,scripts,scroll,scruff,sculpt,sculpture,scum,scumbag,sd,sdfghjkl,se,sea,seal,seamless,seaport,search,season,seasonal,seat,seats,seattle,seb,sec,secco,second,seconds,secret,secrete,secretly,secrets,section,secure,security,sed,sedan,sedge,see,seed,seeing,seek,seem,seeyour,sefton,seg,sega,segment,segovia,segregation,sein,seize,sel,selas,selection,self,selfish,selina,sell,seller,selling,sellout,selma,sem,semi,seminole,sen,senate,send,sending,senior,sens,sense,sensor,sentence,sentiment,senza,seo,seoul,sep,separate,sept,september,ser,sera,seri,serial,series,serious,seriously,serva,serve,server,service,services,ses,session,set,seth,seti,setting,settle,setup,sevastopol,seven,several,sewing,sex,sexier,sexual,sexuality,sexy,sey,sf,sfu,sg,sgt,sh,shabby,shack,shade,shades,shadow,shaggy,shah,shake,shaker,shaky,shall,shallots,sham,shame,shameless,shampoo,shana,shang,shanghai,shannen,shape,share,shareholder,sharing,shark,sharma,sharp,sharpie,shat,shatter,shatterproof,shave,shaven,shaving,shaw,shawn,sheep,sheer,sheesh,sheffield,shel,shelf,shell,shelly,shelter,shelton,shen,shepherd,sheva,shi,shia,shift,shih,shiitake,shima,shin,shine,shiniest,shinny,shinoda,shiny,ship,shipment,shipments,shipping,shirt,shirtless,shisha,shit,shite,shitti,shittier,shitty,shiva,shock,shocked,shockproof,shocks,shoddy,shoe,shonan,shoo,shoot,shooter,shooting,shop,shopping,shops,shoreditch,short,shortbread,shortcut,shortly,shortsighted,shot,shotgun,should,shout,shove,show,shower,showoff,showroom,showtime,shredded,shrine,shtml,shuffle,shut,si,sia,sib,sible,sibling,sic,sick,sicko,side,sidekick,sidi,sidney,sie,siege,siempre,sien,sierra,sigh,sight,sigma,sign,signal,signature,significant,signing,sikh,sil,silence,silent,silicon,silicone,silly,silver,silverstein,silvio,sim,sima,similar,simo,simon,simone,simple,simplicity,simplify,simply,simpson,simultaneously,sin,since,sincerely,sing,singapore,singe,singer,singing,single,sinister,sink,sino,sion,sip,sir,siren,siri,sirius,sirocco,sissy,sister,sit,site,situation,siv,siva,six,sixth,size,sized,sk,skarsg,skate,skateboard,skating,sketch,skew,ski,skid,skier,skies,skill,skin,skinny,skip,skipping,skirt,skittle,skull,skulls,skunk,sky,skye,skyline,skype,skyrocket,skyscraper,sl,sla,slag,slam,slap,slate,slavery,slay,sle,sleep,sleeping,sleepy,sleeve,slept,slice,slide,slider,slightly,slim,slime,slip,slipcover,slipper,slit,slo,slope,slosh,slot,sloth,slovenia,slow,slowdown,slower,slowly,slr,slug,slut,sly,sm,sma,smack,small,smart,smarter,smartphone,smartphones,smash,smell,smg,smil,smile,smiles,smiley,smilie,smirnoff,smite,smith,smitten,smog,smoke,smoker,smokey,smoking,smooth,smoother,smoothie,sms,smt,smug,smyl,snack,snag,snake,snap,snappy,snapshot,snazzy,sneak,sneaker,sneeze,snes,sni,sniper,snoopy,snooze,snort,snow,snowman,sns,snuff,snugly,so,sob,soccer,social,socialism,society,socket,socks,soco,soda,sodding,soft,softball,softly,software,soho,sol,sola,solace,solar,solaris,sole,solid,solihull,solitary,solo,solution,solutions,solve,som,soma,some,somebody,someday,somehow,someone,somerhalder,something,sometimes,somewhat,somewhere,son,song,songbook,songs,songwriter,songwriting,sonic,sonja,sonny,sont,sony,sonya,soo,soon,sooner,sophia,soppy,soraya,sore,sori,sorority,sorrento,sorry,sort,sorted,sos,sosa,soul,soulmate,sound,soup,sour,source,sourdough,south,southam,southampton,southbank,southern,southport,southside,souvenirs,soy,sp,spa,space,spacial,spade,spaghetti,spain,spam,spamme,span,spanish,spank,spare,spark,sparkle,sparkles,sparkling,sparkly,sparky,spartak,spatial,spawn,speak,speaker,spear,spears,special,specialist,specific,specifically,specification,speck,specs,spectacular,spectre,spectrum,speculate,speech,speechless,speed,speedway,speedy,spell,spend,spending,sperm,sperry,sph,spi,spice,spider,spiderman,spiel,spike,spin,spina,spinach,spirit,spiritual,spirituality,spits,spl,splash,splendid,split,spm,spoil,spoiled,spoiler,spoilt,spongebob,sponsor,spontaneously,spoof,spooky,spoon,sport,sports,spot,spouse,spray,spread,spring,springs,sprint,sprout,spurt,spyder,spyro,sq,squad,square,squarely,squarepant,squaresoft,squealed,squid,squirm,squishy,sr,ssd,ssel,ssh,ssl,sst,st,stable,stad,stadia,staff,stag,stage,stain,stainless,staircase,stairway,stalk,stall,stalling,stam,stamford,stamp,stampede,stan,stanbul,stance,stand,standard,stane,stanford,stans,staph,star,starbuck,starbucks,stare,starhub,stark,start,starter,starting,startup,starve,stash,stat,state,statement,staten,states,static,station,statue,status,stave,stax,stay,ste,steak,steal,steam,steamed,steel,steeler,steep,step,stephen,steppes,steps,stereo,sterling,sterreich,steve,sti,stic,stick,sticker,stickers,stickies,sties,stifle,stil,still,stilo,stilt,stinking,stinky,stitch,stm,stock,stockholm,stockpile,stockport,stocks,stockton,stoke,stoked,stole,stone,stonehaven,stoopid,stop,storage,store,stores,storm,story,stove,stra,straight,straightedge,straighten,straightforward,strain,strand,strange,stranger,strap,strategically,strategy,stratocaster,strawberry,stre,stream,streamer,streaming,streams,street,streets,strength,strengthen,stress,stressful,strider,strife,strike,strings,strip,stripe,stripes,striptease,strobe,stroke,stroll,strom,strong,struggle,stu,stuck,stud,student,studio,studious,study,stuff,stun,stunned,stunning,stunt,stupid,sty,style,stylish,stylist,su,suarez,sub,subject,sublimation,sublime,submit,subs,subscribe,subscriber,subscription,substandard,substitute,subtle,suburbs,subverted,subway,succe,succeed,success,successful,sucess,such,suck,sucker,sucks,sudden,suddenly,sudoku,sue,suffer,suffering,sugar,sugarcoat,suggest,suggestion,suicide,suit,suitable,suite,sul,sulawesi,sum,summa,summer,summertime,summoners,sun,sunday,sunflower,sung,sunglass,sunglasse,sunglasses,sunny,sunrise,sunset,sunsets,sunshine,suntan,sup,supa,super,superhero,superior,superiority,superman,superpower,supervisor,supply,support,supporter,suppose,supreme,sur,sura,sure,surely,surf,surface,surfed,surfer,surfing,surge,surgery,surprise,surprised,surprising,surprisingly,surreal,surround,surrounding,survey,survive,survivor,susan,sushi,suspend,suspender,suv,suzy,sv,sw,swag,swagger,swags,swanky,swap,swarovski,swear,sweat,sweater,sweatpant,sweatshirt,sweden,swedish,sweet,sweeten,sweetest,sweetheart,sweetie,sweetness,sweets,swerve,swift,swim,swimming,swindled,swine,swing,swipe,swirls,swiss,switch,switching,switzerland,sword,sx,sxsw,sy,sydney,sykes,syl,symbol,syn,sync,synced,synch,syncing,synonymous,synth,synthesis,syria,syrian,system,systems,sz,ta,taal,tab,tabby,tabitha,table,tablet,tabs,tac,tack,taco,tacos,tad,tag,tagging,tags,tail,tailor,taipei,tait,taiwan,takahashi,take,taken,taki,takin,taking,taku,tal,tale,talent,tales,talk,talking,tall,tally,tam,tama,tame,tampa,tampon,tan,taner,tang,tank,tanning,tanzania,tap,tape,tapestry,tar,tara,tard,tardis,target,targets,tariff,taro,tart,tasha,task,taste,tasty,tat,tata,tattoo,tattooed,tattoos,tatty,tawa,tax,taxi,taxis,taylor,tb,tbi,tbol,tbs,tc,tch,td,te,tea,teach,teacher,teachers,teacup,teal,team,tear,tears,tease,teases,tec,tech,technic,technical,technically,technician,technique,techno,technological,technologically,technology,techology,teck,tecnol,ted,teddy,tee,teem,teen,teenager,teh,tehran,tei,tek,tekken,tel,tele,telecom,telef,telephone,televise,television,tell,telus,temp,temper,temperature,temple,temporary,tempos,temps,tempt,temptation,ten,tendency,tender,tennessee,tennis,tent,teo,tequila,ter,tera,teresa,term,tern,terni,terrace,terrible,terrier,terrific,terrifying,terrorist,tes,tesla,tess,test,tester,testing,texas,text,texte,texts,tg,th,thai,thailand,thames,than,thanh,thank,thankful,thankfully,thanks,thanksgive,thanksgiving,thankyou,that,the,theater,theatre,theft,theme,themes,then,theory,there,therefore,thermal,these,thick,thier,thieve,thigh,thin,thing,things,thingy,think,thinking,thinly,third,thirsty,thirty,this,tho,thor,thoroughly,those,thou,though,thought,thousand,threat,three,threesome,threesomes,thrift,thrill,thriller,throat,throne,thrones,throttle,through,throw,throwback,thru,thug,thumb,thumbnail,thunderbird,thunderbolt,thunderclap,thunderstorm,thur,thursday,thus,thx,thy,thyself,ti,tia,tiago,tic,tick,ticket,tie,tif,tiffany,tig,tiger,tight,tii,til,tilbe,tile,till,tim,timber,timberland,time,timeline,times,timing,tin,tinder,tine,tines,ting,tink,tintin,tiny,tion,tip,tipo,tipsy,tire,tired,tires,tis,titanium,tite,title,tito,tk,tka,tko,tl,tls,tm,tmb,tmi,tmz,tn,to,toast,toaster,toastmasters,toda,today,todays,toddler,toe,toes,together,togetherness,togo,togs,toilet,tokyo,toledo,tom,tomb,tome,tomlinson,tommy,tomorrow,ton,tone,toner,tong,tongue,tonight,too,tool,toolbox,toot,tooth,top,topic,topics,topless,topman,toque,tor,torch,tori,torino,torn,tornado,toronto,torr,torrent,tortoise,torture,torvalds,toshiba,toss,tot,total,totally,tote,totem,totoro,tottenham,touch,touchdown,touchscreen,tough,tour,tourism,tourist,tournament,tout,towards,tower,town,township,toy,toyota,toys,tp,tr,tra,trabajo,track,tracking,trackpad,tracks,trade,trading,tradition,traditional,traditionally,traffic,trafford,tragedy,trail,trailer,train,training,trains,trait,traitor,traktor,trance,tranquil,trans,transaction,transfer,transform,transformer,transit,translate,translation,transparent,transported,trap,trash,trashy,travel,traveler,traveling,traveller,tray,tre,treasure,treasured,treat,treats,treaty,treble,tree,trees,trench,trend,trending,trendy,trevor,tri,trial,tribal,tribute,trick,tricky,trier,trifle,trigger,trill,trillion,trim,trinidad,trio,trip,triple,tripod,triumph,trivia,triviality,trix,tro,trojan,troll,trolling,tron,trophie,trophy,tropical,trouble,troubleshooting,trout,troy,truck,true,truely,truly,trump,trumps,trunk,truro,trust,truth,try,trying,trys,ts,tsa,tso,tsp,tsu,tsuki,tsv,tt,tte,tter,tty,tu,tua,tube,tuber,tuck,tudo,tudor,tue,tuesday,tuff,tui,tum,tumble,tumblr,tummy,tune,tunes,tunisia,tunnel,tunnels,tuo,tur,tura,turbo,turd,turin,turk,turkey,turkish,turn,turnip,turnover,turntable,turtle,tuscan,tuscany,tush,tutorial,tv,tvs,tw,twa,tweak,twee,tweed,tween,tweet,tweeter,tweets,twelve,twenty,twi,twice,twilight,twin,twining,twinkie,twirl,twist,twister,twit,twitch,twitt,twitter,two,tx,txt,ty,tyga,tyl,type,typical,typing,typo,typography,tyr,tyrannical,tz,tzu,uae,ubbe,uber,ubisoft,ubuntu,uc,uchi,uck,ud,uda,ude,uf,ufo,ug,ugh,ugly,ugo,uh,uhh,ui,uji,uju,uk,ukraine,ukrainian,ul,ule,ultimate,ultra,ultrasound,ultraviolet,ulysse,um,umbrella,umi,umm,un,unable,unacceptable,unadulterated,unavailable,unbelievable,unbelievably,unbreakable,unbroken,uncharted,uncle,uncomfortable,uncontrollable,unction,und,undelete,under,underbrush,undergoing,underground,understand,undertone,underwater,underway,undo,undoing,unemployed,unemployment,unexpected,unfair,unfaithful,unforgettable,unfortunately,ung,unhappy,unhelpful,uni,unicorn,unimaginative,unimpressed,unimpressive,uninstall,uninstalle,uninstalls,union,uniqlo,unique,unit,unite,united,unity,universal,universe,university,unix,unleashed,unless,unlike,unlimited,unlock,unlocked,unlocking,unnecessary,unneede,unpack,unpacked,unplug,unravel,unreal,unrelated,unrelease,unreliable,unresponsive,unsafe,unseat,unsupported,untamed,until,unto,untold,unusable,unveil,unveils,up,update,updated,updates,upgrade,upgraded,upgrades,upgrading,uplifting,upload,uploaded,uploader,upon,upper,upr,uprising,ups,upscale,upset,upstate,uptown,ur,ura,urban,urdu,urf,urge,uri,urkel,url,urz,us,usa,usaf,usage,usb,usd,use,used,useful,useless,user,username,users,usher,usi,uss,usta,usual,usually,ut,utara,utc,ute,uti,utm,utter,utterly,uuo,uv,uwe,ux,uz,uzi,va,vac,vaca,vacation,vacations,vader,vaginal,vaginas,vaio,val,valar,vale,valencia,valent,valentin,valentine,valentines,valid,valley,valor,valuable,value,vamp,vampire,van,vancouver,vanilla,vans,vapid,var,various,vase,vast,vatican,vc,vcr,vd,ve,vedder,vega,vegan,veganism,vegas,vegetable,vegetarian,veggie,vehicle,veil,veit,vek,vel,ven,vend,venetian,venezuela,veni,venice,venom,vent,venta,ventilation,ver,verb,verde,verg,veria,verification,verify,verizon,vermont,verona,versa,verse,version,versus,vert,vertical,very,ves,vest,vet,veteran,vey,vg,vh,vi,via,vibe,vibes,vibrate,vibration,vic,vici,vicious,vicky,victim,victor,victoria,victorias,victory,vid,vida,video,videogame,videogames,videos,viejo,vier,vietnam,view,viewer,views,vii,viking,vil,vile,vili,vilify,villa,village,ville,vilnius,vine,vink,vino,vintage,vinyl,viol,viola,violate,violence,violet,vip,viper,viral,virgin,virginity,virgo,virtual,virtually,virtue,virus,vis,visa,vision,visit,vista,visual,visually,vita,vitamin,vite,viterbo,vitiligo,viva,vive,vivian,vivid,vivien,vivir,vivo,viz,vl,vlc,vm,vma,vmware,vo,voc,vocation,voda,vodafone,vodka,vogel,voice,void,vol,vole,volkswagen,volt,volume,vomit,von,vortex,vos,vote,voucher,vp,vr,vry,vs,vt,vu,vulnerability,vur,vw,vy,wa,waa,wac,waco,wad,waf,waffle,wag,wage,wagon,wags,wah,waist,wait,waited,waiter,waiting,wake,wakes,wal,wale,wales,wali,walk,walkers,walkin,walkman,walkway,wall,wallace,wallet,wallpaper,wallpapers,walmart,walsall,walt,wan,wana,wand,wander,wanderer,wanderlust,wang,wank,wanna,want,wanted,war,warcraft,ware,warehouse,warfare,warlike,warm,warmth,warn,warner,warning,warranty,warrior,wars,wash,washing,washington,waste,wat,watch,watchband,watchdog,watched,water,watercolor,waterfall,waterfront,watermelon,waterpark,waterproof,watson,wave,waxed,way,wayne,ways,waz,wb,wba,wc,wcw,wd,we,weak,wealth,wealthy,weapon,wear,wearable,weather,weave,web,webcomic,webmaster,website,webzine,wed,wedding,wedge,wednesday,wee,weed,week,weekday,weekdays,weekend,weekly,weeks,weeps,weer,wei,weigh,weight,weird,weirdo,welcome,well,wellbee,wellness,wels,wende,went,wep,wertheimer,wes,west,westchester,westside,wet,wh,wha,what,whatever,whatsoever,wheel,wheelbarrow,wheels,wheeze,when,whenever,where,whereas,wherever,whether,whew,whey,while,whilst,whimsical,whimsy,whiny,whip,whirl,whisk,whisker,whiskey,whisperer,whistle,whitby,white,whitney,who,whoever,whole,wholesale,whoop,whore,whose,why,wi,wicked,wide,widget,widow,wie,wife,wifes,wiggins,wight,wii,wiki,wild,wilderness,wildlife,will,willi,william,williams,williamsburg,wilmer,win,wind,window,windows,windy,wine,wing,wink,winner,winnie,winning,winnipeg,winter,wipe,wire,wired,wireless,wirelessly,wisdom,wise,wisely,wish,wit,witch,with,withdrawal,within,without,witte,witter,witty,wiz,wm,wnew,wo,woc,woke,wolf,wolfe,wolve,woman,wonder,wonderful,wonderland,wong,wonte,woo,wood,woodcarving,wooden,woods,woodwork,woodworke,woody,woof,woohoo,woolie,woolworths,word,wordpress,work,workday,worker,working,workout,workplace,workshop,world,worldcup,worldwide,worm,worry,worse,worship,worst,wort,worth,worthless,worthy,would,wound,woven,wow,wp,wrap,wrapper,wraps,wrath,wreath,wreck,wrinkle,wrist,write,writer,writing,wrong,ws,wt,wtc,wtf,wu,ww,wwdc,wwe,wwii,xb,xbox,xd,xdcam,xe,xerox,xf,xi,xian,xiao,xii,xl,xm,xmas,xml,xn,xo,xp,xps,xs,xt,xth,xtreme,xu,xuan,xv,xx,xxs,xy,ya,yaa,yacht,yachting,yah,yahoo,yaki,yakima,yamaha,yan,yang,yangon,yanks,yap,yar,yard,yas,yasin,yat,yawn,yay,yaya,ye,yea,yeah,yeahh,year,yearbook,years,yee,yeh,yel,yell,yellow,yellowstone,yep,yes,yesterday,yesterdays,yet,yi,ying,yippee,yo,yodo,yoga,yogurt,yogyakarta,yom,yong,yoo,york,yorker,yorkshire,yosemite,young,youth,youtube,youtuber,yr,yrs,ys,yu,yuan,yucatan,yulia,yum,yumi,yummy,yup,yuri,yy,za,zac,zach,zachary,zack,zand,zanzibar,zap,zara,zd,ze,zealand,zebra,zed,zee,zeeland,zeiss,zen,zero,zeta,zhi,zhou,zhytomyr,zi,zillertal,zing,zinn,zio,zip,zipper,zn,zo,zola,zombie,zombies,zon,zone,zoo,zoom,zp,zquez,zu,zum,zune,zurich,zx,zy,zz,